game,numPlayers,ai,run,player,score,rank,time
Goofspiel,2,PR,1,1,71,1,18425
Goofspiel,2,PR,1,2,20,2,18425
Goofspiel,2,PR,2,1,58,1,17960
Goofspiel,2,PR,2,2,33,2,17960
Goofspiel,2,PR,3,1,61,1,18032
Goofspiel,2,PR,3,2,30,2,18032
Goofspiel,2,PR,4,1,62,1,17656
Goofspiel,2,PR,4,2,29,2,17656
Goofspiel,2,PR,5,1,49,1,17783
Goofspiel,2,PR,5,2,42,2,17783
Goofspiel,2,PR,6,1,58,1,17435
Goofspiel,2,PR,6,2,33,2,17435
Goofspiel,2,PR,7,1,54,1,17546
Goofspiel,2,PR,7,2,37,2,17546
Goofspiel,2,PR,8,1,54,1,17671
Goofspiel,2,PR,8,2,37,2,17671
Goofspiel,2,PR,9,1,71,1,17643
Goofspiel,2,PR,9,2,20,2,17643
Goofspiel,2,PR,10,1,56,1,17954
Goofspiel,2,PR,10,2,35,2,17954
Goofspiel,2,PR,11,1,56,1,17844
Goofspiel,2,PR,11,2,35,2,17844
Goofspiel,2,PR,12,1,47,1,17651
Goofspiel,2,PR,12,2,44,2,17651
Goofspiel,2,PR,13,1,45,2,17560
Goofspiel,2,PR,13,2,46,1,17560
Goofspiel,2,PR,14,1,64,1,17546
Goofspiel,2,PR,14,2,27,2,17546
Goofspiel,2,PR,15,1,70,1,17655
Goofspiel,2,PR,15,2,21,2,17655
Goofspiel,2,PR,16,1,57,1,17896
Goofspiel,2,PR,16,2,34,2,17896
Goofspiel,2,PR,17,1,39,2,17767
Goofspiel,2,PR,17,2,52,1,17767
Goofspiel,2,PR,18,1,48,1,17644
Goofspiel,2,PR,18,2,43,2,17644
Goofspiel,2,PR,19,1,60,1,17547
Goofspiel,2,PR,19,2,31,2,17547
Goofspiel,2,PR,20,1,52,1,17654
Goofspiel,2,PR,20,2,39,2,17654
Goofspiel,2,PR,21,1,36,2,17894
Goofspiel,2,PR,21,2,55,1,17894
Goofspiel,2,PR,22,1,65,1,17568
Goofspiel,2,PR,22,2,26,2,17568
Goofspiel,2,PR,23,1,40,2,17835
Goofspiel,2,PR,23,2,51,1,17835
Goofspiel,2,PR,24,1,55,1,17810
Goofspiel,2,PR,24,2,36,2,17810
Goofspiel,2,PR,25,1,41,2,17878
Goofspiel,2,PR,25,2,50,1,17878
Goofspiel,2,PR,26,1,40,2,17689
Goofspiel,2,PR,26,2,51,1,17689
Goofspiel,2,PR,27,1,65,1,17916
Goofspiel,2,PR,27,2,26,2,17916
Goofspiel,2,PR,28,1,49,1,17881
Goofspiel,2,PR,28,2,42,2,17881
Goofspiel,2,PR,29,1,68,1,17776
Goofspiel,2,PR,29,2,23,2,17776
Goofspiel,2,PR,30,1,61,1,17686
Goofspiel,2,PR,30,2,30,2,17686
Goofspiel,2,PR,31,1,62,1,17656
Goofspiel,2,PR,31,2,29,2,17656
Goofspiel,2,PR,32,1,69,1,17825
Goofspiel,2,PR,32,2,22,2,17825
Goofspiel,2,PR,33,1,57,1,17867
Goofspiel,2,PR,33,2,34,2,17867
Goofspiel,2,PR,34,1,57,1,17828
Goofspiel,2,PR,34,2,34,2,17828
Goofspiel,2,PR,35,1,70,1,17849
Goofspiel,2,PR,35,2,21,2,17849
Goofspiel,2,PR,36,1,39,2,17673
Goofspiel,2,PR,36,2,52,1,17673
Goofspiel,2,PR,37,1,65,1,17716
Goofspiel,2,PR,37,2,26,2,17716
Goofspiel,2,PR,38,1,68,1,17782
Goofspiel,2,PR,38,2,23,2,17782
Goofspiel,2,PR,39,1,53,1,17851
Goofspiel,2,PR,39,2,38,2,17851
Goofspiel,2,PR,40,1,67,1,17899
Goofspiel,2,PR,40,2,24,2,17899
Goofspiel,2,PR,41,1,51,1,17681
Goofspiel,2,PR,41,2,35,2,17681
Goofspiel,2,PR,42,1,55,1,17567
Goofspiel,2,PR,42,2,33,2,17567
Goofspiel,2,PR,43,1,78,1,18008
Goofspiel,2,PR,43,2,13,2,18008
Goofspiel,2,PR,44,1,51,1,17839
Goofspiel,2,PR,44,2,40,2,17839
Goofspiel,2,PR,45,1,52,1,17794
Goofspiel,2,PR,45,2,39,2,17794
Goofspiel,2,PR,46,1,57,1,17567
Goofspiel,2,PR,46,2,34,2,17567
Goofspiel,2,PR,47,1,77,1,17599
Goofspiel,2,PR,47,2,14,2,17599
Goofspiel,2,PR,48,1,54,1,17739
Goofspiel,2,PR,48,2,37,2,17739
Goofspiel,2,PR,49,1,55,1,17855
Goofspiel,2,PR,49,2,36,2,17855
Goofspiel,2,PR,50,1,70,1,17643
Goofspiel,2,PR,50,2,21,2,17643
Goofspiel,2,PR,51,1,59,1,17807
Goofspiel,2,PR,51,2,32,2,17807
Goofspiel,2,PR,52,1,70,1,17956
Goofspiel,2,PR,52,2,21,2,17956
Goofspiel,2,PR,53,1,56,1,17731
Goofspiel,2,PR,53,2,35,2,17731
Goofspiel,2,PR,54,1,58,1,17870
Goofspiel,2,PR,54,2,33,2,17870
Goofspiel,2,PR,55,1,42,2,17713
Goofspiel,2,PR,55,2,49,1,17713
Goofspiel,2,PR,56,1,56,1,17563
Goofspiel,2,PR,56,2,35,2,17563
Goofspiel,2,PR,57,1,50,1,17722
Goofspiel,2,PR,57,2,29,2,17722
Goofspiel,2,PR,58,1,54,1,17757
Goofspiel,2,PR,58,2,37,2,17757
Goofspiel,2,PR,59,1,75,1,17808
Goofspiel,2,PR,59,2,16,2,17808
Goofspiel,2,PR,60,1,69,1,17877
Goofspiel,2,PR,60,2,22,2,17877
Goofspiel,2,PR,61,1,71,1,17728
Goofspiel,2,PR,61,2,20,2,17728
Goofspiel,2,PR,62,1,64,1,17692
Goofspiel,2,PR,62,2,27,2,17692
Goofspiel,2,PR,63,1,64,1,17700
Goofspiel,2,PR,63,2,27,2,17700
Goofspiel,2,PR,64,1,79,1,17674
Goofspiel,2,PR,64,2,12,2,17674
Goofspiel,2,PR,65,1,59,1,17651
Goofspiel,2,PR,65,2,32,2,17651
Goofspiel,2,PR,66,1,58,1,17705
Goofspiel,2,PR,66,2,33,2,17705
Goofspiel,2,PR,67,1,50,1,18040
Goofspiel,2,PR,67,2,41,2,18040
Goofspiel,2,PR,68,1,65,1,17756
Goofspiel,2,PR,68,2,26,2,17756
Goofspiel,2,PR,69,1,70,1,17984
Goofspiel,2,PR,69,2,21,2,17984
Goofspiel,2,PR,70,1,36,2,17749
Goofspiel,2,PR,70,2,50,1,17749
Goofspiel,2,PR,71,1,64,1,17680
Goofspiel,2,PR,71,2,27,2,17680
Goofspiel,2,PR,72,1,60,1,17723
Goofspiel,2,PR,72,2,31,2,17723
Goofspiel,2,PR,73,1,70,1,17859
Goofspiel,2,PR,73,2,21,2,17859
Goofspiel,2,PR,74,1,52,1,17706
Goofspiel,2,PR,74,2,35,2,17706
Goofspiel,2,PR,75,1,41,2,17374
Goofspiel,2,PR,75,2,50,1,17374
Goofspiel,2,PR,76,1,37,2,17160
Goofspiel,2,PR,76,2,54,1,17160
Goofspiel,2,PR,77,1,62,1,17376
Goofspiel,2,PR,77,2,29,2,17376
Goofspiel,2,PR,78,1,62,1,17203
Goofspiel,2,PR,78,2,29,2,17203
Goofspiel,2,PR,79,1,46,1,17142
Goofspiel,2,PR,79,2,45,2,17142
Goofspiel,2,PR,80,1,69,1,17192
Goofspiel,2,PR,80,2,22,2,17192
Goofspiel,2,PR,81,1,60,1,17131
Goofspiel,2,PR,81,2,31,2,17131
Goofspiel,2,PR,82,1,49,1,17434
Goofspiel,2,PR,82,2,42,2,17434
Goofspiel,2,PR,83,1,57,1,17002
Goofspiel,2,PR,83,2,34,2,17002
Goofspiel,2,PR,84,1,59,1,17046
Goofspiel,2,PR,84,2,32,2,17046
Goofspiel,2,PR,85,1,78,1,17106
Goofspiel,2,PR,85,2,13,2,17106
Goofspiel,2,PR,86,1,45,2,17071
Goofspiel,2,PR,86,2,46,1,17071
Goofspiel,2,PR,87,1,75,1,17167
Goofspiel,2,PR,87,2,16,2,17167
Goofspiel,2,PR,88,1,75,1,17125
Goofspiel,2,PR,88,2,16,2,17125
Goofspiel,2,PR,89,1,47,1,17228
Goofspiel,2,PR,89,2,44,2,17228
Goofspiel,2,PR,90,1,70,1,17170
Goofspiel,2,PR,90,2,21,2,17170
Goofspiel,2,PR,91,1,41,2,17147
Goofspiel,2,PR,91,2,50,1,17147
Goofspiel,2,PR,92,1,70,1,17206
Goofspiel,2,PR,92,2,21,2,17206
Goofspiel,2,PR,93,1,63,1,17269
Goofspiel,2,PR,93,2,28,2,17269
Goofspiel,2,PR,94,1,59,1,17193
Goofspiel,2,PR,94,2,32,2,17193
Goofspiel,2,PR,95,1,52,1,17303
Goofspiel,2,PR,95,2,39,2,17303
Goofspiel,2,PR,96,1,68,1,17174
Goofspiel,2,PR,96,2,23,2,17174
Goofspiel,2,PR,97,1,68,1,17234
Goofspiel,2,PR,97,2,23,2,17234
Goofspiel,2,PR,98,1,55,1,17216
Goofspiel,2,PR,98,2,36,2,17216
Goofspiel,2,PR,99,1,47,1,17223
Goofspiel,2,PR,99,2,44,2,17223
Goofspiel,2,PR,100,1,67,1,17050
Goofspiel,2,PR,100,2,24,2,17050
