game,numPlayers,ai,run,move,player,choices,choice,time
Leduc Holdem,2,PR,1,1,1,3,1,15
Leduc Holdem,2,PR,1,2,2,3,2,0
Leduc Holdem,2,PR,1,3,1,3,2,14
Leduc Holdem,2,PR,1,4,2,2,1,0
Leduc Holdem,2,PR,1,5,1,3,2,12
Leduc Holdem,2,PR,1,6,2,3,1,0
Leduc Holdem,2,PR,2,1,1,3,1,14
Leduc Holdem,2,PR,2,2,2,3,3,0
Leduc Holdem,2,PR,3,1,1,3,1,14
Leduc Holdem,2,PR,3,2,2,3,3,0
Leduc Holdem,2,PR,4,1,1,3,1,14
Leduc Holdem,2,PR,4,2,2,3,3,0
Leduc Holdem,2,PR,5,1,1,3,1,15
Leduc Holdem,2,PR,5,2,2,3,1,0
Leduc Holdem,2,PR,5,3,1,3,1,12
Leduc Holdem,2,PR,5,4,2,3,3,0
Leduc Holdem,2,PR,6,1,1,3,1,14
Leduc Holdem,2,PR,6,2,2,3,1,0
Leduc Holdem,2,PR,6,3,1,3,2,12
Leduc Holdem,2,PR,6,4,2,3,2,0
Leduc Holdem,2,PR,6,5,1,2,1,6
Leduc Holdem,2,PR,7,1,1,3,1,14
Leduc Holdem,2,PR,7,2,2,3,3,0
Leduc Holdem,2,PR,8,1,1,3,1,14
Leduc Holdem,2,PR,8,2,2,3,3,0
Leduc Holdem,2,PR,9,1,1,3,1,14
Leduc Holdem,2,PR,9,2,2,3,1,0
Leduc Holdem,2,PR,9,3,1,3,1,12
Leduc Holdem,2,PR,9,4,2,3,1,0
Leduc Holdem,2,PR,10,1,1,3,1,14
Leduc Holdem,2,PR,10,2,2,3,1,0
Leduc Holdem,2,PR,10,3,1,3,1,12
Leduc Holdem,2,PR,10,4,2,3,2,0
Leduc Holdem,2,PR,10,5,1,3,2,9
Leduc Holdem,2,PR,10,6,2,2,1,0
Leduc Holdem,2,PR,11,1,1,3,1,14
Leduc Holdem,2,PR,11,2,2,3,2,0
Leduc Holdem,2,PR,11,3,1,3,2,14
Leduc Holdem,2,PR,11,4,2,2,2,0
Leduc Holdem,2,PR,12,1,1,3,1,15
Leduc Holdem,2,PR,12,2,2,3,1,0
Leduc Holdem,2,PR,12,3,1,3,2,11
Leduc Holdem,2,PR,12,4,2,3,2,0
Leduc Holdem,2,PR,12,5,1,2,1,6
Leduc Holdem,2,PR,13,1,1,3,1,14
Leduc Holdem,2,PR,13,2,2,3,2,0
Leduc Holdem,2,PR,13,3,1,3,2,13
Leduc Holdem,2,PR,13,4,2,2,1,0
Leduc Holdem,2,PR,13,5,1,3,1,12
Leduc Holdem,2,PR,13,6,2,3,2,0
Leduc Holdem,2,PR,13,7,1,3,2,9
Leduc Holdem,2,PR,13,8,2,2,2,0
Leduc Holdem,2,PR,14,1,1,3,1,14
Leduc Holdem,2,PR,14,2,2,3,1,0
Leduc Holdem,2,PR,14,3,1,3,2,12
Leduc Holdem,2,PR,14,4,2,3,2,0
Leduc Holdem,2,PR,14,5,1,2,1,6
Leduc Holdem,2,PR,15,1,1,3,1,14
Leduc Holdem,2,PR,15,2,2,3,2,0
Leduc Holdem,2,PR,15,3,1,3,2,14
Leduc Holdem,2,PR,15,4,2,2,1,0
Leduc Holdem,2,PR,15,5,1,3,1,12
Leduc Holdem,2,PR,15,6,2,3,1,0
Leduc Holdem,2,PR,16,1,1,3,1,15
Leduc Holdem,2,PR,16,2,2,3,1,0
Leduc Holdem,2,PR,16,3,1,3,2,12
Leduc Holdem,2,PR,16,4,2,3,3,0
Leduc Holdem,2,PR,17,1,1,3,1,15
Leduc Holdem,2,PR,17,2,2,3,2,0
Leduc Holdem,2,PR,17,3,1,3,2,14
Leduc Holdem,2,PR,17,4,2,2,1,0
Leduc Holdem,2,PR,17,5,1,3,1,12
Leduc Holdem,2,PR,17,6,2,3,3,0
Leduc Holdem,2,PR,18,1,1,3,1,14
Leduc Holdem,2,PR,18,2,2,3,1,0
Leduc Holdem,2,PR,18,3,1,3,2,11
Leduc Holdem,2,PR,18,4,2,3,1,0
Leduc Holdem,2,PR,19,1,1,3,1,14
Leduc Holdem,2,PR,19,2,2,3,3,0
Leduc Holdem,2,PR,20,1,1,3,1,15
Leduc Holdem,2,PR,20,2,2,3,1,0
Leduc Holdem,2,PR,20,3,1,3,2,12
Leduc Holdem,2,PR,20,4,2,3,3,0
Leduc Holdem,2,PR,21,1,1,3,1,14
Leduc Holdem,2,PR,21,2,2,3,3,0
Leduc Holdem,2,PR,22,1,1,3,1,15
Leduc Holdem,2,PR,22,2,2,3,2,0
Leduc Holdem,2,PR,22,3,1,3,2,14
Leduc Holdem,2,PR,22,4,2,2,1,0
Leduc Holdem,2,PR,22,5,1,3,2,12
Leduc Holdem,2,PR,22,6,2,3,2,0
Leduc Holdem,2,PR,22,7,1,2,1,6
Leduc Holdem,2,PR,23,1,1,3,1,14
Leduc Holdem,2,PR,23,2,2,3,1,0
Leduc Holdem,2,PR,23,3,1,3,1,12
Leduc Holdem,2,PR,23,4,2,3,1,0
Leduc Holdem,2,PR,24,1,1,3,1,15
Leduc Holdem,2,PR,24,2,2,3,2,0
Leduc Holdem,2,PR,24,3,1,3,2,14
Leduc Holdem,2,PR,24,4,2,2,1,0
Leduc Holdem,2,PR,24,5,1,3,1,12
Leduc Holdem,2,PR,24,6,2,3,1,0
Leduc Holdem,2,PR,25,1,1,3,1,14
Leduc Holdem,2,PR,25,2,2,3,1,0
Leduc Holdem,2,PR,25,3,1,3,1,12
Leduc Holdem,2,PR,25,4,2,3,3,0
Leduc Holdem,2,PR,26,1,1,3,1,15
Leduc Holdem,2,PR,26,2,2,3,1,0
Leduc Holdem,2,PR,26,3,1,3,2,12
Leduc Holdem,2,PR,26,4,2,3,1,0
Leduc Holdem,2,PR,27,1,1,3,1,15
Leduc Holdem,2,PR,27,2,2,3,3,0
Leduc Holdem,2,PR,28,1,1,3,1,15
Leduc Holdem,2,PR,28,2,2,3,3,0
Leduc Holdem,2,PR,29,1,1,3,1,15
Leduc Holdem,2,PR,29,2,2,3,1,0
Leduc Holdem,2,PR,29,3,1,3,2,11
Leduc Holdem,2,PR,29,4,2,3,1,0
Leduc Holdem,2,PR,30,1,1,3,1,15
Leduc Holdem,2,PR,30,2,2,3,3,0
Leduc Holdem,2,PR,31,1,1,3,1,15
Leduc Holdem,2,PR,31,2,2,3,2,0
Leduc Holdem,2,PR,31,3,1,3,2,14
Leduc Holdem,2,PR,31,4,2,2,2,0
Leduc Holdem,2,PR,32,1,1,3,1,14
Leduc Holdem,2,PR,32,2,2,3,3,0
Leduc Holdem,2,PR,33,1,1,3,1,14
Leduc Holdem,2,PR,33,2,2,3,1,0
Leduc Holdem,2,PR,33,3,1,3,2,11
Leduc Holdem,2,PR,33,4,2,3,3,0
Leduc Holdem,2,PR,34,1,1,3,1,15
Leduc Holdem,2,PR,34,2,2,3,2,0
Leduc Holdem,2,PR,34,3,1,3,2,13
Leduc Holdem,2,PR,34,4,2,2,1,0
Leduc Holdem,2,PR,34,5,1,3,1,12
Leduc Holdem,2,PR,34,6,2,3,3,0
Leduc Holdem,2,PR,35,1,1,3,1,14
Leduc Holdem,2,PR,35,2,2,3,3,0
Leduc Holdem,2,PR,36,1,1,3,1,15
Leduc Holdem,2,PR,36,2,2,3,2,0
Leduc Holdem,2,PR,36,3,1,3,2,14
Leduc Holdem,2,PR,36,4,2,2,1,0
Leduc Holdem,2,PR,36,5,1,3,1,12
Leduc Holdem,2,PR,36,6,2,3,2,0
Leduc Holdem,2,PR,36,7,1,3,2,10
Leduc Holdem,2,PR,36,8,2,2,1,0
Leduc Holdem,2,PR,37,1,1,3,1,14
Leduc Holdem,2,PR,37,2,2,3,3,0
Leduc Holdem,2,PR,38,1,1,3,1,14
Leduc Holdem,2,PR,38,2,2,3,3,0
Leduc Holdem,2,PR,39,1,1,3,1,14
Leduc Holdem,2,PR,39,2,2,3,2,0
Leduc Holdem,2,PR,39,3,1,3,2,13
Leduc Holdem,2,PR,39,4,2,2,2,0
Leduc Holdem,2,PR,40,1,1,3,1,15
Leduc Holdem,2,PR,40,2,2,3,1,0
Leduc Holdem,2,PR,40,3,1,3,1,12
Leduc Holdem,2,PR,40,4,2,3,2,0
Leduc Holdem,2,PR,40,5,1,3,3,9
Leduc Holdem,2,PR,41,1,1,3,1,15
Leduc Holdem,2,PR,41,2,2,3,1,0
Leduc Holdem,2,PR,41,3,1,3,1,12
Leduc Holdem,2,PR,41,4,2,3,3,0
Leduc Holdem,2,PR,42,1,1,3,1,15
Leduc Holdem,2,PR,42,2,2,3,1,0
Leduc Holdem,2,PR,42,3,1,3,1,12
Leduc Holdem,2,PR,42,4,2,3,1,0
Leduc Holdem,2,PR,43,1,1,3,1,15
Leduc Holdem,2,PR,43,2,2,3,2,0
Leduc Holdem,2,PR,43,3,1,3,2,14
Leduc Holdem,2,PR,43,4,2,2,2,0
Leduc Holdem,2,PR,44,1,1,3,1,14
Leduc Holdem,2,PR,44,2,2,3,2,0
Leduc Holdem,2,PR,44,3,1,3,2,14
Leduc Holdem,2,PR,44,4,2,2,1,0
Leduc Holdem,2,PR,44,5,1,3,1,12
Leduc Holdem,2,PR,44,6,2,3,2,0
Leduc Holdem,2,PR,44,7,1,3,2,11
Leduc Holdem,2,PR,44,8,2,2,2,0
Leduc Holdem,2,PR,45,1,1,3,1,15
Leduc Holdem,2,PR,45,2,2,3,3,0
Leduc Holdem,2,PR,46,1,1,3,1,15
Leduc Holdem,2,PR,46,2,2,3,3,0
Leduc Holdem,2,PR,47,1,1,3,1,15
Leduc Holdem,2,PR,47,2,2,3,3,0
Leduc Holdem,2,PR,48,1,1,3,1,15
Leduc Holdem,2,PR,48,2,2,3,3,0
Leduc Holdem,2,PR,49,1,1,3,1,15
Leduc Holdem,2,PR,49,2,2,3,2,0
Leduc Holdem,2,PR,49,3,1,3,2,14
Leduc Holdem,2,PR,49,4,2,2,1,0
Leduc Holdem,2,PR,49,5,1,3,2,12
Leduc Holdem,2,PR,49,6,2,3,2,0
Leduc Holdem,2,PR,49,7,1,2,1,6
Leduc Holdem,2,PR,50,1,1,3,1,14
Leduc Holdem,2,PR,50,2,2,3,2,0
Leduc Holdem,2,PR,50,3,1,3,2,13
Leduc Holdem,2,PR,50,4,2,2,1,0
Leduc Holdem,2,PR,50,5,1,3,1,11
Leduc Holdem,2,PR,50,6,2,3,2,0
Leduc Holdem,2,PR,50,7,1,3,2,9
Leduc Holdem,2,PR,50,8,2,2,2,0
Leduc Holdem,2,PR,51,1,1,3,1,14
Leduc Holdem,2,PR,51,2,2,3,3,0
Leduc Holdem,2,PR,52,1,1,3,1,15
Leduc Holdem,2,PR,52,2,2,3,3,0
Leduc Holdem,2,PR,53,1,1,3,1,14
Leduc Holdem,2,PR,53,2,2,3,1,0
Leduc Holdem,2,PR,53,3,1,3,1,11
Leduc Holdem,2,PR,53,4,2,3,3,0
Leduc Holdem,2,PR,54,1,1,3,1,22
Leduc Holdem,2,PR,54,2,2,3,3,0
Leduc Holdem,2,PR,55,1,1,3,1,14
Leduc Holdem,2,PR,55,2,2,3,3,0
Leduc Holdem,2,PR,56,1,1,3,1,14
Leduc Holdem,2,PR,56,2,2,3,3,0
Leduc Holdem,2,PR,57,1,1,3,1,15
Leduc Holdem,2,PR,57,2,2,3,1,0
Leduc Holdem,2,PR,57,3,1,3,2,12
Leduc Holdem,2,PR,57,4,2,3,2,0
Leduc Holdem,2,PR,57,5,1,2,1,6
Leduc Holdem,2,PR,58,1,1,3,1,14
Leduc Holdem,2,PR,58,2,2,3,2,0
Leduc Holdem,2,PR,58,3,1,3,2,13
Leduc Holdem,2,PR,58,4,2,2,1,0
Leduc Holdem,2,PR,58,5,1,3,1,11
Leduc Holdem,2,PR,58,6,2,3,2,0
Leduc Holdem,2,PR,58,7,1,3,2,9
Leduc Holdem,2,PR,58,8,2,2,1,0
Leduc Holdem,2,PR,59,1,1,3,1,15
Leduc Holdem,2,PR,59,2,2,3,3,0
Leduc Holdem,2,PR,60,1,1,3,1,14
Leduc Holdem,2,PR,60,2,2,3,2,0
Leduc Holdem,2,PR,60,3,1,3,2,14
Leduc Holdem,2,PR,60,4,2,2,2,0
Leduc Holdem,2,PR,61,1,1,3,1,14
Leduc Holdem,2,PR,61,2,2,3,3,0
Leduc Holdem,2,PR,62,1,1,3,1,15
Leduc Holdem,2,PR,62,2,2,3,3,0
Leduc Holdem,2,PR,63,1,1,3,1,15
Leduc Holdem,2,PR,63,2,2,3,1,0
Leduc Holdem,2,PR,63,3,1,3,1,12
Leduc Holdem,2,PR,63,4,2,3,1,0
Leduc Holdem,2,PR,64,1,1,3,1,14
Leduc Holdem,2,PR,64,2,2,3,1,0
Leduc Holdem,2,PR,64,3,1,3,1,12
Leduc Holdem,2,PR,64,4,2,3,3,0
Leduc Holdem,2,PR,65,1,1,3,1,14
Leduc Holdem,2,PR,65,2,2,3,2,0
Leduc Holdem,2,PR,65,3,1,3,2,14
Leduc Holdem,2,PR,65,4,2,2,2,0
Leduc Holdem,2,PR,66,1,1,3,1,14
Leduc Holdem,2,PR,66,2,2,3,2,0
Leduc Holdem,2,PR,66,3,1,3,2,14
Leduc Holdem,2,PR,66,4,2,2,2,0
Leduc Holdem,2,PR,67,1,1,3,1,14
Leduc Holdem,2,PR,67,2,2,3,2,0
Leduc Holdem,2,PR,67,3,1,3,2,14
Leduc Holdem,2,PR,67,4,2,2,1,0
Leduc Holdem,2,PR,67,5,1,3,2,12
Leduc Holdem,2,PR,67,6,2,3,1,0
Leduc Holdem,2,PR,68,1,1,3,1,15
Leduc Holdem,2,PR,68,2,2,3,3,0
Leduc Holdem,2,PR,69,1,1,3,1,14
Leduc Holdem,2,PR,69,2,2,3,2,0
Leduc Holdem,2,PR,69,3,1,3,2,14
Leduc Holdem,2,PR,69,4,2,2,2,0
Leduc Holdem,2,PR,70,1,1,3,1,14
Leduc Holdem,2,PR,70,2,2,3,1,0
Leduc Holdem,2,PR,70,3,1,3,1,12
Leduc Holdem,2,PR,70,4,2,3,1,0
Leduc Holdem,2,PR,71,1,1,3,1,15
Leduc Holdem,2,PR,71,2,2,3,3,0
Leduc Holdem,2,PR,72,1,1,3,1,15
Leduc Holdem,2,PR,72,2,2,3,2,0
Leduc Holdem,2,PR,72,3,1,3,2,13
Leduc Holdem,2,PR,72,4,2,2,1,0
Leduc Holdem,2,PR,72,5,1,3,2,12
Leduc Holdem,2,PR,72,6,2,3,3,0
Leduc Holdem,2,PR,73,1,1,3,1,15
Leduc Holdem,2,PR,73,2,2,3,2,0
Leduc Holdem,2,PR,73,3,1,3,2,14
Leduc Holdem,2,PR,73,4,2,2,1,0
Leduc Holdem,2,PR,73,5,1,3,1,12
Leduc Holdem,2,PR,73,6,2,3,1,0
Leduc Holdem,2,PR,74,1,1,3,1,14
Leduc Holdem,2,PR,74,2,2,3,1,0
Leduc Holdem,2,PR,74,3,1,3,1,11
Leduc Holdem,2,PR,74,4,2,3,2,0
Leduc Holdem,2,PR,74,5,1,3,2,9
Leduc Holdem,2,PR,74,6,2,2,1,0
Leduc Holdem,2,PR,75,1,1,3,1,14
Leduc Holdem,2,PR,75,2,2,3,1,0
Leduc Holdem,2,PR,75,3,1,3,1,11
Leduc Holdem,2,PR,75,4,2,3,3,0
Leduc Holdem,2,PR,76,1,1,3,1,15
Leduc Holdem,2,PR,76,2,2,3,2,0
Leduc Holdem,2,PR,76,3,1,3,2,14
Leduc Holdem,2,PR,76,4,2,2,2,0
Leduc Holdem,2,PR,77,1,1,3,1,14
Leduc Holdem,2,PR,77,2,2,3,2,0
Leduc Holdem,2,PR,77,3,1,3,2,13
Leduc Holdem,2,PR,77,4,2,2,2,0
Leduc Holdem,2,PR,78,1,1,3,1,15
Leduc Holdem,2,PR,78,2,2,3,2,0
Leduc Holdem,2,PR,78,3,1,3,2,13
Leduc Holdem,2,PR,78,4,2,2,2,0
Leduc Holdem,2,PR,79,1,1,3,1,15
Leduc Holdem,2,PR,79,2,2,3,2,0
Leduc Holdem,2,PR,79,3,1,3,2,14
Leduc Holdem,2,PR,79,4,2,2,2,0
Leduc Holdem,2,PR,80,1,1,3,1,14
Leduc Holdem,2,PR,80,2,2,3,3,0
Leduc Holdem,2,PR,81,1,1,3,1,14
Leduc Holdem,2,PR,81,2,2,3,2,0
Leduc Holdem,2,PR,81,3,1,3,2,13
Leduc Holdem,2,PR,81,4,2,2,2,0
Leduc Holdem,2,PR,82,1,1,3,1,14
Leduc Holdem,2,PR,82,2,2,3,1,0
Leduc Holdem,2,PR,82,3,1,3,1,12
Leduc Holdem,2,PR,82,4,2,3,3,0
Leduc Holdem,2,PR,83,1,1,3,1,15
Leduc Holdem,2,PR,83,2,2,3,1,0
Leduc Holdem,2,PR,83,3,1,3,1,12
Leduc Holdem,2,PR,83,4,2,3,2,0
Leduc Holdem,2,PR,83,5,1,3,2,9
Leduc Holdem,2,PR,83,6,2,2,2,0
Leduc Holdem,2,PR,84,1,1,3,1,14
Leduc Holdem,2,PR,84,2,2,3,3,0
Leduc Holdem,2,PR,85,1,1,3,1,15
Leduc Holdem,2,PR,85,2,2,3,3,0
Leduc Holdem,2,PR,86,1,1,3,1,15
Leduc Holdem,2,PR,86,2,2,3,2,0
Leduc Holdem,2,PR,86,3,1,3,2,13
Leduc Holdem,2,PR,86,4,2,2,1,0
Leduc Holdem,2,PR,86,5,1,3,2,12
Leduc Holdem,2,PR,86,6,2,3,3,0
Leduc Holdem,2,PR,87,1,1,3,1,15
Leduc Holdem,2,PR,87,2,2,3,3,0
Leduc Holdem,2,PR,88,1,1,3,1,14
Leduc Holdem,2,PR,88,2,2,3,3,0
Leduc Holdem,2,PR,89,1,1,3,1,15
Leduc Holdem,2,PR,89,2,2,3,2,0
Leduc Holdem,2,PR,89,3,1,3,2,14
Leduc Holdem,2,PR,89,4,2,2,2,0
Leduc Holdem,2,PR,90,1,1,3,1,15
Leduc Holdem,2,PR,90,2,2,3,2,0
Leduc Holdem,2,PR,90,3,1,3,2,14
Leduc Holdem,2,PR,90,4,2,2,1,0
Leduc Holdem,2,PR,90,5,1,3,1,12
Leduc Holdem,2,PR,90,6,2,3,3,0
Leduc Holdem,2,PR,91,1,1,3,1,14
Leduc Holdem,2,PR,91,2,2,3,3,0
Leduc Holdem,2,PR,92,1,1,3,1,14
Leduc Holdem,2,PR,92,2,2,3,2,0
Leduc Holdem,2,PR,92,3,1,3,2,14
Leduc Holdem,2,PR,92,4,2,2,1,0
Leduc Holdem,2,PR,92,5,1,3,1,12
Leduc Holdem,2,PR,92,6,2,3,3,0
Leduc Holdem,2,PR,93,1,1,3,1,14
Leduc Holdem,2,PR,93,2,2,3,1,0
Leduc Holdem,2,PR,93,3,1,3,1,12
Leduc Holdem,2,PR,93,4,2,3,1,0
Leduc Holdem,2,PR,94,1,1,3,1,15
Leduc Holdem,2,PR,94,2,2,3,1,0
Leduc Holdem,2,PR,94,3,1,3,2,12
Leduc Holdem,2,PR,94,4,2,3,2,0
Leduc Holdem,2,PR,94,5,1,2,1,6
Leduc Holdem,2,PR,95,1,1,3,1,15
Leduc Holdem,2,PR,95,2,2,3,2,0
Leduc Holdem,2,PR,95,3,1,3,2,14
Leduc Holdem,2,PR,95,4,2,2,1,0
Leduc Holdem,2,PR,95,5,1,3,1,12
Leduc Holdem,2,PR,95,6,2,3,1,0
Leduc Holdem,2,PR,96,1,1,3,1,15
Leduc Holdem,2,PR,96,2,2,3,1,0
Leduc Holdem,2,PR,96,3,1,3,1,11
Leduc Holdem,2,PR,96,4,2,3,2,0
Leduc Holdem,2,PR,96,5,1,3,3,10
Leduc Holdem,2,PR,97,1,1,3,1,15
Leduc Holdem,2,PR,97,2,2,3,2,0
Leduc Holdem,2,PR,97,3,1,3,2,13
Leduc Holdem,2,PR,97,4,2,2,2,0
Leduc Holdem,2,PR,98,1,1,3,1,15
Leduc Holdem,2,PR,98,2,2,3,1,0
Leduc Holdem,2,PR,98,3,1,3,2,12
Leduc Holdem,2,PR,98,4,2,3,2,0
Leduc Holdem,2,PR,98,5,1,2,1,6
Leduc Holdem,2,PR,99,1,1,3,1,14
Leduc Holdem,2,PR,99,2,2,3,2,0
Leduc Holdem,2,PR,99,3,1,3,2,14
Leduc Holdem,2,PR,99,4,2,2,2,0
Leduc Holdem,2,PR,100,1,1,3,1,14
Leduc Holdem,2,PR,100,2,2,3,1,0
Leduc Holdem,2,PR,100,3,1,3,1,12
Leduc Holdem,2,PR,100,4,2,3,1,0
